{
  "1": {"sounds": [ "custom:1" ]},
  "2": {"sounds": [ "custom:2" ]},
  "3": {"sounds": [ "custom:3" ]},
  "4": {"sounds": [ "custom:4" ]},
  "5": {"sounds": [ "custom:5" ]},
  "6": {"sounds": [ "custom:6" ]},
  "7": {"sounds": [ "custom:7" ]},
  "8": {"sounds": [ "custom:8" ]},
  "9": {"sounds": [ "custom:9" ]},
  "10": {"sounds": [ "custom:10" ]},
  "11": {"sounds": [ "custom:11" ]},

  "21": {"sounds": [ "custom:21" ]},
  "22": {"sounds": [ "custom:22" ]},
  "23": {"sounds": [ "custom:23" ]},
  "24": {"sounds": [ "custom:24" ]},
  "25": {"sounds": [ "custom:25" ]},

  "31": {"sounds": [ "custom:31" ]},
  "32": {"sounds": [ "custom:32" ]},
  "33": {"sounds": [ "custom:33" ]},
  "34": {"sounds": [ "custom:34" ]},
  "35": {"sounds": [ "custom:35" ]},

  "41": {"sounds": [ "custom:41" ]},
  "42": {"sounds": [ "custom:42" ]},
  "43": {"sounds": [ "custom:43" ]},
  "44": {"sounds": [ "custom:44" ]},
  "45": {"sounds": [ "custom:45" ]},

  "51": {"sounds": [ "custom:51" ]},
  "52": {"sounds": [ "custom:52" ]},

  "61": {"sounds": [ "custom:61" ]},
  "62": {"sounds": [ "custom:62" ]}

}
