{
	"credit": "Made with Blockbench",
    "gui_light": "front",
	"texture_size": [32, 32],
	"textures": {
		"0": "advancements:item/14",
		"particle": "advancements:item/14"
	},
	"elements": [
		{
			"from": [0, 0, 8],
			"to": [16, 16, 8],
			"rotation": {"angle": 0, "axis": "y", "origin": [0, 0, -8]},
			"faces": {
				"south": {"uv": [0.064, 0, 16, 16], "texture": "#0"}
			}
		}
	],
	"display": {
		"thirdperson_righthand": {
			"rotation": [-25.36, 75.88, -89.43],
			"translation": [1, -1.5, -2.25],
			"scale": [0.48047, 0.5, 0.49609]
		}
	}
}