{
    "providers": [
        {"type": "bitmap", "file": "minecraft:bingo/plants/02.png","ascent": 22,"height": 22,"chars": ["\uE002"]},
        {"type": "bitmap", "file": "minecraft:bingo/plants/03.png","ascent": 22,"height": 22,"chars": ["\uE003"]},
        {"type": "bitmap", "file": "minecraft:bingo/plants/04.png","ascent": 22,"height": 22,"chars": ["\uE004"]},
        {"type": "bitmap", "file": "minecraft:bingo/plants/05.png","ascent": 22,"height": 22,"chars": ["\uE005"]},
        {"type": "bitmap", "file": "minecraft:bingo/plants/06.png","ascent": 22,"height": 22,"chars": ["\uE006"]},
        {"type": "bitmap", "file": "minecraft:bingo/plants/07.png","ascent": 22,"height": 22,"chars": ["\uE007"]},
        {"type": "bitmap", "file": "minecraft:bingo/plants/08.png","ascent": 22,"height": 22,"chars": ["\uE008"]},
        {"type": "bitmap", "file": "minecraft:bingo/plants/09.png","ascent": 22,"height": 22,"chars": ["\uE009"]},
        {"type": "bitmap", "file": "minecraft:bingo/plants/10.png","ascent": 22,"height": 22,"chars": ["\uE010"]},
        {"type": "bitmap", "file": "minecraft:bingo/plants/11.png","ascent": 22,"height": 22,"chars": ["\uE011"]},
        {"type": "bitmap", "file": "minecraft:bingo/plants/12.png","ascent": 22,"height": 22,"chars": ["\uE012"]},
        {"type": "bitmap", "file": "minecraft:bingo/plants/13.png","ascent": 22,"height": 22,"chars": ["\uE013"]},
        {"type": "bitmap", "file": "minecraft:bingo/plants/14.png","ascent": 22,"height": 22,"chars": ["\uE014"]},
        {"type": "bitmap", "file": "minecraft:bingo/plants/15.png","ascent": 22,"height": 22,"chars": ["\uE015"]},
        {"type": "bitmap", "file": "minecraft:bingo/plants/16.png","ascent": 22,"height": 22,"chars": ["\uE016"]},
        {"type": "bitmap", "file": "minecraft:bingo/plants/17.png","ascent": 22,"height": 22,"chars": ["\uE017"]},
        {"type": "bitmap", "file": "minecraft:bingo/plants/18.png","ascent": 22,"height": 22,"chars": ["\uE018"]},
        {"type": "bitmap", "file": "minecraft:bingo/plants/19.png","ascent": 22,"height": 22,"chars": ["\uE019"]},
        {"type": "bitmap", "file": "minecraft:bingo/plants/20.png","ascent": 22,"height": 22,"chars": ["\uE020"]},
        {"type": "bitmap", "file": "minecraft:bingo/plants/21.png","ascent": 22,"height": 22,"chars": ["\uE021"]},
        {"type": "bitmap", "file": "minecraft:bingo/plants/22.png","ascent": 22,"height": 22,"chars": ["\uE022"]},
        {"type": "bitmap", "file": "minecraft:bingo/plants/23.png","ascent": 22,"height": 22,"chars": ["\uE023"]},
        {"type": "bitmap", "file": "minecraft:bingo/plants/24.png","ascent": 22,"height": 22,"chars": ["\uE024"]},
        {"type": "bitmap", "file": "minecraft:bingo/plants/25.png","ascent": 22,"height": 22,"chars": ["\uE025"]},
        {"type": "bitmap", "file": "minecraft:bingo/plants/26.png","ascent": 22,"height": 22,"chars": ["\uE026"]},
        {"type": "bitmap", "file": "minecraft:bingo/plants/27.png","ascent": 22,"height": 22,"chars": ["\uE027"]},
        {"type": "bitmap", "file": "minecraft:bingo/plants/28.png","ascent": 22,"height": 22,"chars": ["\uE028"]},
        {"type": "bitmap", "file": "minecraft:bingo/plants/29.png","ascent": 22,"height": 22,"chars": ["\uE029"]},
        {"type": "bitmap", "file": "minecraft:bingo/plants/30.png","ascent": 22,"height": 22,"chars": ["\uE030"]},
        {"type": "bitmap", "file": "minecraft:bingo/plants/31.png","ascent": 22,"height": 22,"chars": ["\uE031"]},
        {"type": "bitmap", "file": "minecraft:bingo/plants/32.png","ascent": 22,"height": 22,"chars": ["\uE032"]},
        {"type": "bitmap", "file": "minecraft:bingo/plants/33.png","ascent": 22,"height": 22,"chars": ["\uE033"]},
        {"type": "bitmap", "file": "minecraft:bingo/plants/34.png","ascent": 22,"height": 22,"chars": ["\uE034"]},
        {"type": "bitmap", "file": "minecraft:bingo/plants/35.png","ascent": 22,"height": 22,"chars": ["\uE035"]},
        {"type": "bitmap", "file": "minecraft:bingo/plants/36.png","ascent": 22,"height": 22,"chars": ["\uE036"]},
        {"type": "bitmap", "file": "minecraft:bingo/plants/01.png","ascent": 22,"height": 22,"chars": ["\uE037"]},

        {"type": "bitmap", "file": "minecraft:bingo/plants/52.png","ascent": 22,"height": 22,"chars": ["\uE052"]},
        {"type": "bitmap", "file": "minecraft:bingo/plants/53.png","ascent": 22,"height": 22,"chars": ["\uE053"]},
        {"type": "bitmap", "file": "minecraft:bingo/plants/54.png","ascent": 22,"height": 22,"chars": ["\uE054"]},
        {"type": "bitmap", "file": "minecraft:bingo/plants/55.png","ascent": 22,"height": 22,"chars": ["\uE055"]},
        {"type": "bitmap", "file": "minecraft:bingo/plants/56.png","ascent": 22,"height": 22,"chars": ["\uE056"]},
        {"type": "bitmap", "file": "minecraft:bingo/plants/57.png","ascent": 22,"height": 22,"chars": ["\uE057"]},
        {"type": "bitmap", "file": "minecraft:bingo/plants/58.png","ascent": 22,"height": 22,"chars": ["\uE058"]},
        {"type": "bitmap", "file": "minecraft:bingo/plants/59.png","ascent": 22,"height": 22,"chars": ["\uE059"]},
        {"type": "bitmap", "file": "minecraft:bingo/plants/60.png","ascent": 22,"height": 22,"chars": ["\uE060"]},
        {"type": "bitmap", "file": "minecraft:bingo/plants/61.png","ascent": 22,"height": 22,"chars": ["\uE061"]},
        {"type": "bitmap", "file": "minecraft:bingo/plants/62.png","ascent": 22,"height": 22,"chars": ["\uE062"]},
        {"type": "bitmap", "file": "minecraft:bingo/plants/63.png","ascent": 22,"height": 22,"chars": ["\uE063"]},
        {"type": "bitmap", "file": "minecraft:bingo/plants/64.png","ascent": 22,"height": 22,"chars": ["\uE064"]},
        {"type": "bitmap", "file": "minecraft:bingo/plants/65.png","ascent": 22,"height": 22,"chars": ["\uE065"]},
        {"type": "bitmap", "file": "minecraft:bingo/plants/66.png","ascent": 22,"height": 22,"chars": ["\uE066"]},
        {"type": "bitmap", "file": "minecraft:bingo/plants/67.png","ascent": 22,"height": 22,"chars": ["\uE067"]},
        {"type": "bitmap", "file": "minecraft:bingo/plants/68.png","ascent": 22,"height": 22,"chars": ["\uE068"]},
        {"type": "bitmap", "file": "minecraft:bingo/plants/69.png","ascent": 22,"height": 22,"chars": ["\uE069"]},
        {"type": "bitmap", "file": "minecraft:bingo/plants/70.png","ascent": 22,"height": 22,"chars": ["\uE070"]},
        {"type": "bitmap", "file": "minecraft:bingo/plants/71.png","ascent": 22,"height": 22,"chars": ["\uE071"]},
        {"type": "bitmap", "file": "minecraft:bingo/plants/72.png","ascent": 22,"height": 22,"chars": ["\uE072"]},
        {"type": "bitmap", "file": "minecraft:bingo/plants/73.png","ascent": 22,"height": 22,"chars": ["\uE073"]},
        {"type": "bitmap", "file": "minecraft:bingo/plants/74.png","ascent": 22,"height": 22,"chars": ["\uE074"]},
        {"type": "bitmap", "file": "minecraft:bingo/plants/75.png","ascent": 22,"height": 22,"chars": ["\uE075"]},
        {"type": "bitmap", "file": "minecraft:bingo/plants/76.png","ascent": 22,"height": 22,"chars": ["\uE076"]},
        {"type": "bitmap", "file": "minecraft:bingo/plants/77.png","ascent": 22,"height": 22,"chars": ["\uE077"]},
        {"type": "bitmap", "file": "minecraft:bingo/plants/78.png","ascent": 22,"height": 22,"chars": ["\uE078"]},
        {"type": "bitmap", "file": "minecraft:bingo/plants/79.png","ascent": 22,"height": 22,"chars": ["\uE079"]},
        {"type": "bitmap", "file": "minecraft:bingo/plants/80.png","ascent": 22,"height": 22,"chars": ["\uE080"]},
        {"type": "bitmap", "file": "minecraft:bingo/plants/81.png","ascent": 22,"height": 22,"chars": ["\uE081"]},
        {"type": "bitmap", "file": "minecraft:bingo/plants/82.png","ascent": 22,"height": 22,"chars": ["\uE082"]},
        {"type": "bitmap", "file": "minecraft:bingo/plants/83.png","ascent": 22,"height": 22,"chars": ["\uE083"]},
        {"type": "bitmap", "file": "minecraft:bingo/plants/84.png","ascent": 22,"height": 22,"chars": ["\uE084"]},
        {"type": "bitmap", "file": "minecraft:bingo/plants/85.png","ascent": 22,"height": 22,"chars": ["\uE085"]},
        {"type": "bitmap", "file": "minecraft:bingo/plants/86.png","ascent": 22,"height": 22,"chars": ["\uE086"]},
        {"type": "bitmap", "file": "minecraft:bingo/plants/51.png","ascent": 22,"height": 22,"chars": ["\uE087"]},

        {"type": "bitmap", "file": "minecraft:bingo/nether/01.png","ascent": 22,"height": 22,"chars": ["\uE101"]},
        {"type": "bitmap", "file": "minecraft:bingo/nether/02.png","ascent": 22,"height": 22,"chars": ["\uE102"]},
        {"type": "bitmap", "file": "minecraft:bingo/nether/03.png","ascent": 22,"height": 22,"chars": ["\uE103"]},
        {"type": "bitmap", "file": "minecraft:bingo/nether/04.png","ascent": 22,"height": 22,"chars": ["\uE104"]},
        {"type": "bitmap", "file": "minecraft:bingo/nether/05.png","ascent": 22,"height": 22,"chars": ["\uE105"]},
        {"type": "bitmap", "file": "minecraft:bingo/nether/06.png","ascent": 22,"height": 22,"chars": ["\uE106"]},
        {"type": "bitmap", "file": "minecraft:bingo/nether/07.png","ascent": 22,"height": 22,"chars": ["\uE107"]},
        {"type": "bitmap", "file": "minecraft:bingo/nether/08.png","ascent": 22,"height": 22,"chars": ["\uE108"]},
        {"type": "bitmap", "file": "minecraft:bingo/nether/09.png","ascent": 22,"height": 22,"chars": ["\uE109"]},
        {"type": "bitmap", "file": "minecraft:bingo/nether/10.png","ascent": 22,"height": 22,"chars": ["\uE110"]},
        {"type": "bitmap", "file": "minecraft:bingo/nether/11.png","ascent": 22,"height": 22,"chars": ["\uE111"]},
        {"type": "bitmap", "file": "minecraft:bingo/nether/12.png","ascent": 22,"height": 22,"chars": ["\uE112"]},
        {"type": "bitmap", "file": "minecraft:bingo/nether/13.png","ascent": 22,"height": 22,"chars": ["\uE113"]},
        {"type": "bitmap", "file": "minecraft:bingo/nether/14.png","ascent": 22,"height": 22,"chars": ["\uE114"]},
        {"type": "bitmap", "file": "minecraft:bingo/nether/15.png","ascent": 22,"height": 22,"chars": ["\uE115"]},
        {"type": "bitmap", "file": "minecraft:bingo/nether/16.png","ascent": 22,"height": 22,"chars": ["\uE116"]},
        {"type": "bitmap", "file": "minecraft:bingo/nether/17.png","ascent": 22,"height": 22,"chars": ["\uE117"]},
        {"type": "bitmap", "file": "minecraft:bingo/nether/18.png","ascent": 22,"height": 22,"chars": ["\uE118"]},
        {"type": "bitmap", "file": "minecraft:bingo/nether/19.png","ascent": 22,"height": 22,"chars": ["\uE119"]},
        {"type": "bitmap", "file": "minecraft:bingo/nether/20.png","ascent": 22,"height": 22,"chars": ["\uE120"]},
        {"type": "bitmap", "file": "minecraft:bingo/nether/21.png","ascent": 22,"height": 22,"chars": ["\uE121"]},
        {"type": "bitmap", "file": "minecraft:bingo/nether/22.png","ascent": 22,"height": 22,"chars": ["\uE122"]},
        {"type": "bitmap", "file": "minecraft:bingo/nether/23.png","ascent": 22,"height": 22,"chars": ["\uE123"]},
        {"type": "bitmap", "file": "minecraft:bingo/nether/24.png","ascent": 22,"height": 22,"chars": ["\uE124"]},
        {"type": "bitmap", "file": "minecraft:bingo/nether/25.png","ascent": 22,"height": 22,"chars": ["\uE125"]},
        {"type": "bitmap", "file": "minecraft:bingo/nether/26.png","ascent": 22,"height": 22,"chars": ["\uE126"]},
        {"type": "bitmap", "file": "minecraft:bingo/nether/27.png","ascent": 22,"height": 22,"chars": ["\uE127"]},
        {"type": "bitmap", "file": "minecraft:bingo/nether/28.png","ascent": 22,"height": 22,"chars": ["\uE128"]},
        {"type": "bitmap", "file": "minecraft:bingo/nether/29.png","ascent": 22,"height": 22,"chars": ["\uE129"]},

        {"type": "bitmap", "file": "minecraft:bingo/nether/51.png","ascent": 22,"height": 22,"chars": ["\uE151"]},
        {"type": "bitmap", "file": "minecraft:bingo/nether/52.png","ascent": 22,"height": 22,"chars": ["\uE152"]},
        {"type": "bitmap", "file": "minecraft:bingo/nether/53.png","ascent": 22,"height": 22,"chars": ["\uE153"]},
        {"type": "bitmap", "file": "minecraft:bingo/nether/54.png","ascent": 22,"height": 22,"chars": ["\uE154"]},
        {"type": "bitmap", "file": "minecraft:bingo/nether/55.png","ascent": 22,"height": 22,"chars": ["\uE155"]},
        {"type": "bitmap", "file": "minecraft:bingo/nether/56.png","ascent": 22,"height": 22,"chars": ["\uE156"]},
        {"type": "bitmap", "file": "minecraft:bingo/nether/57.png","ascent": 22,"height": 22,"chars": ["\uE157"]},
        {"type": "bitmap", "file": "minecraft:bingo/nether/58.png","ascent": 22,"height": 22,"chars": ["\uE158"]},
        {"type": "bitmap", "file": "minecraft:bingo/nether/59.png","ascent": 22,"height": 22,"chars": ["\uE159"]},
        {"type": "bitmap", "file": "minecraft:bingo/nether/60.png","ascent": 22,"height": 22,"chars": ["\uE160"]},
        {"type": "bitmap", "file": "minecraft:bingo/nether/61.png","ascent": 22,"height": 22,"chars": ["\uE161"]},
        {"type": "bitmap", "file": "minecraft:bingo/nether/62.png","ascent": 22,"height": 22,"chars": ["\uE162"]},
        {"type": "bitmap", "file": "minecraft:bingo/nether/63.png","ascent": 22,"height": 22,"chars": ["\uE163"]},
        {"type": "bitmap", "file": "minecraft:bingo/nether/64.png","ascent": 22,"height": 22,"chars": ["\uE164"]},
        {"type": "bitmap", "file": "minecraft:bingo/nether/65.png","ascent": 22,"height": 22,"chars": ["\uE165"]},
        {"type": "bitmap", "file": "minecraft:bingo/nether/66.png","ascent": 22,"height": 22,"chars": ["\uE166"]},
        {"type": "bitmap", "file": "minecraft:bingo/nether/67.png","ascent": 22,"height": 22,"chars": ["\uE167"]},
        {"type": "bitmap", "file": "minecraft:bingo/nether/68.png","ascent": 22,"height": 22,"chars": ["\uE168"]},
        {"type": "bitmap", "file": "minecraft:bingo/nether/69.png","ascent": 22,"height": 22,"chars": ["\uE169"]},
        {"type": "bitmap", "file": "minecraft:bingo/nether/70.png","ascent": 22,"height": 22,"chars": ["\uE170"]},
        {"type": "bitmap", "file": "minecraft:bingo/nether/71.png","ascent": 22,"height": 22,"chars": ["\uE171"]},
        {"type": "bitmap", "file": "minecraft:bingo/nether/72.png","ascent": 22,"height": 22,"chars": ["\uE172"]},
        {"type": "bitmap", "file": "minecraft:bingo/nether/73.png","ascent": 22,"height": 22,"chars": ["\uE173"]},
        {"type": "bitmap", "file": "minecraft:bingo/nether/74.png","ascent": 22,"height": 22,"chars": ["\uE174"]},
        {"type": "bitmap", "file": "minecraft:bingo/nether/75.png","ascent": 22,"height": 22,"chars": ["\uE175"]},
        {"type": "bitmap", "file": "minecraft:bingo/nether/76.png","ascent": 22,"height": 22,"chars": ["\uE176"]},
        {"type": "bitmap", "file": "minecraft:bingo/nether/77.png","ascent": 22,"height": 22,"chars": ["\uE177"]},
        {"type": "bitmap", "file": "minecraft:bingo/nether/78.png","ascent": 22,"height": 22,"chars": ["\uE178"]},
        {"type": "bitmap", "file": "minecraft:bingo/nether/79.png","ascent": 22,"height": 22,"chars": ["\uE179"]},


        {"type": "bitmap", "file": "minecraft:bingo/crafting/01.png","ascent": 22,"height": 22,"chars": ["\uE201"]},
        {"type": "bitmap", "file": "minecraft:bingo/crafting/02.png","ascent": 22,"height": 22,"chars": ["\uE202"]},
        {"type": "bitmap", "file": "minecraft:bingo/crafting/03.png","ascent": 22,"height": 22,"chars": ["\uE203"]},
        {"type": "bitmap", "file": "minecraft:bingo/crafting/04.png","ascent": 22,"height": 22,"chars": ["\uE204"]},
        {"type": "bitmap", "file": "minecraft:bingo/crafting/05.png","ascent": 22,"height": 22,"chars": ["\uE205"]},
        {"type": "bitmap", "file": "minecraft:bingo/crafting/06.png","ascent": 22,"height": 22,"chars": ["\uE206"]},
        {"type": "bitmap", "file": "minecraft:bingo/crafting/07.png","ascent": 22,"height": 22,"chars": ["\uE207"]},
        {"type": "bitmap", "file": "minecraft:bingo/crafting/08.png","ascent": 22,"height": 22,"chars": ["\uE208"]},
        {"type": "bitmap", "file": "minecraft:bingo/crafting/09.png","ascent": 22,"height": 22,"chars": ["\uE209"]},
        {"type": "bitmap", "file": "minecraft:bingo/crafting/10.png","ascent": 22,"height": 22,"chars": ["\uE210"]},
        {"type": "bitmap", "file": "minecraft:bingo/crafting/11.png","ascent": 22,"height": 22,"chars": ["\uE211"]},
        {"type": "bitmap", "file": "minecraft:bingo/crafting/12.png","ascent": 22,"height": 22,"chars": ["\uE212"]},
        {"type": "bitmap", "file": "minecraft:bingo/crafting/13.png","ascent": 22,"height": 22,"chars": ["\uE213"]},
        {"type": "bitmap", "file": "minecraft:bingo/crafting/14.png","ascent": 22,"height": 22,"chars": ["\uE214"]},
        {"type": "bitmap", "file": "minecraft:bingo/crafting/15.png","ascent": 22,"height": 22,"chars": ["\uE215"]},
        {"type": "bitmap", "file": "minecraft:bingo/crafting/16.png","ascent": 22,"height": 22,"chars": ["\uE216"]},
        {"type": "bitmap", "file": "minecraft:bingo/crafting/17.png","ascent": 22,"height": 22,"chars": ["\uE217"]},
        {"type": "bitmap", "file": "minecraft:bingo/crafting/18.png","ascent": 22,"height": 22,"chars": ["\uE218"]},
        {"type": "bitmap", "file": "minecraft:bingo/crafting/19.png","ascent": 22,"height": 22,"chars": ["\uE219"]},
        {"type": "bitmap", "file": "minecraft:bingo/crafting/20.png","ascent": 22,"height": 22,"chars": ["\uE220"]},
        {"type": "bitmap", "file": "minecraft:bingo/crafting/21.png","ascent": 22,"height": 22,"chars": ["\uE221"]},
        {"type": "bitmap", "file": "minecraft:bingo/crafting/22.png","ascent": 22,"height": 22,"chars": ["\uE222"]},
        {"type": "bitmap", "file": "minecraft:bingo/crafting/23.png","ascent": 22,"height": 22,"chars": ["\uE223"]},
        {"type": "bitmap", "file": "minecraft:bingo/crafting/24.png","ascent": 22,"height": 22,"chars": ["\uE224"]},
        {"type": "bitmap", "file": "minecraft:bingo/crafting/25.png","ascent": 22,"height": 22,"chars": ["\uE225"]},
        {"type": "bitmap", "file": "minecraft:bingo/crafting/26.png","ascent": 22,"height": 22,"chars": ["\uE226"]},
        {"type": "bitmap", "file": "minecraft:bingo/crafting/27.png","ascent": 22,"height": 22,"chars": ["\uE227"]},
        {"type": "bitmap", "file": "minecraft:bingo/crafting/28.png","ascent": 22,"height": 22,"chars": ["\uE228"]},
        {"type": "bitmap", "file": "minecraft:bingo/crafting/29.png","ascent": 22,"height": 22,"chars": ["\uE229"]},
        {"type": "bitmap", "file": "minecraft:bingo/crafting/30.png","ascent": 22,"height": 22,"chars": ["\uE230"]},
        {"type": "bitmap", "file": "minecraft:bingo/crafting/31.png","ascent": 22,"height": 22,"chars": ["\uE231"]},
        {"type": "bitmap", "file": "minecraft:bingo/crafting/32.png","ascent": 22,"height": 22,"chars": ["\uE232"]},
        {"type": "bitmap", "file": "minecraft:bingo/crafting/33.png","ascent": 22,"height": 22,"chars": ["\uE233"]},
        {"type": "bitmap", "file": "minecraft:bingo/crafting/34.png","ascent": 22,"height": 22,"chars": ["\uE234"]},
        {"type": "bitmap", "file": "minecraft:bingo/crafting/35.png","ascent": 22,"height": 22,"chars": ["\uE235"]},
        {"type": "bitmap", "file": "minecraft:bingo/crafting/36.png","ascent": 22,"height": 22,"chars": ["\uE236"]},
        {"type": "bitmap", "file": "minecraft:bingo/crafting/37.png","ascent": 22,"height": 22,"chars": ["\uE237"]},

        {"type": "bitmap", "file": "minecraft:bingo/crafting/51.png","ascent": 22,"height": 22,"chars": ["\uE251"]},
        {"type": "bitmap", "file": "minecraft:bingo/crafting/52.png","ascent": 22,"height": 22,"chars": ["\uE252"]},
        {"type": "bitmap", "file": "minecraft:bingo/crafting/53.png","ascent": 22,"height": 22,"chars": ["\uE253"]},
        {"type": "bitmap", "file": "minecraft:bingo/crafting/54.png","ascent": 22,"height": 22,"chars": ["\uE254"]},
        {"type": "bitmap", "file": "minecraft:bingo/crafting/55.png","ascent": 22,"height": 22,"chars": ["\uE255"]},
        {"type": "bitmap", "file": "minecraft:bingo/crafting/56.png","ascent": 22,"height": 22,"chars": ["\uE256"]},
        {"type": "bitmap", "file": "minecraft:bingo/crafting/57.png","ascent": 22,"height": 22,"chars": ["\uE257"]},
        {"type": "bitmap", "file": "minecraft:bingo/crafting/58.png","ascent": 22,"height": 22,"chars": ["\uE258"]},
        {"type": "bitmap", "file": "minecraft:bingo/crafting/59.png","ascent": 22,"height": 22,"chars": ["\uE259"]},
        {"type": "bitmap", "file": "minecraft:bingo/crafting/60.png","ascent": 22,"height": 22,"chars": ["\uE260"]},
        {"type": "bitmap", "file": "minecraft:bingo/crafting/61.png","ascent": 22,"height": 22,"chars": ["\uE261"]},
        {"type": "bitmap", "file": "minecraft:bingo/crafting/62.png","ascent": 22,"height": 22,"chars": ["\uE262"]},
        {"type": "bitmap", "file": "minecraft:bingo/crafting/63.png","ascent": 22,"height": 22,"chars": ["\uE263"]},
        {"type": "bitmap", "file": "minecraft:bingo/crafting/64.png","ascent": 22,"height": 22,"chars": ["\uE264"]},
        {"type": "bitmap", "file": "minecraft:bingo/crafting/65.png","ascent": 22,"height": 22,"chars": ["\uE265"]},
        {"type": "bitmap", "file": "minecraft:bingo/crafting/66.png","ascent": 22,"height": 22,"chars": ["\uE266"]},
        {"type": "bitmap", "file": "minecraft:bingo/crafting/67.png","ascent": 22,"height": 22,"chars": ["\uE267"]},
        {"type": "bitmap", "file": "minecraft:bingo/crafting/68.png","ascent": 22,"height": 22,"chars": ["\uE268"]},
        {"type": "bitmap", "file": "minecraft:bingo/crafting/69.png","ascent": 22,"height": 22,"chars": ["\uE269"]},
        {"type": "bitmap", "file": "minecraft:bingo/crafting/70.png","ascent": 22,"height": 22,"chars": ["\uE270"]},
        {"type": "bitmap", "file": "minecraft:bingo/crafting/71.png","ascent": 22,"height": 22,"chars": ["\uE271"]},
        {"type": "bitmap", "file": "minecraft:bingo/crafting/72.png","ascent": 22,"height": 22,"chars": ["\uE272"]},
        {"type": "bitmap", "file": "minecraft:bingo/crafting/73.png","ascent": 22,"height": 22,"chars": ["\uE273"]},
        {"type": "bitmap", "file": "minecraft:bingo/crafting/74.png","ascent": 22,"height": 22,"chars": ["\uE274"]},
        {"type": "bitmap", "file": "minecraft:bingo/crafting/75.png","ascent": 22,"height": 22,"chars": ["\uE275"]},
        {"type": "bitmap", "file": "minecraft:bingo/crafting/76.png","ascent": 22,"height": 22,"chars": ["\uE276"]},
        {"type": "bitmap", "file": "minecraft:bingo/crafting/77.png","ascent": 22,"height": 22,"chars": ["\uE277"]},
        {"type": "bitmap", "file": "minecraft:bingo/crafting/78.png","ascent": 22,"height": 22,"chars": ["\uE278"]},
        {"type": "bitmap", "file": "minecraft:bingo/crafting/79.png","ascent": 22,"height": 22,"chars": ["\uE279"]},
        {"type": "bitmap", "file": "minecraft:bingo/crafting/80.png","ascent": 22,"height": 22,"chars": ["\uE280"]},
        {"type": "bitmap", "file": "minecraft:bingo/crafting/81.png","ascent": 22,"height": 22,"chars": ["\uE281"]},
        {"type": "bitmap", "file": "minecraft:bingo/crafting/82.png","ascent": 22,"height": 22,"chars": ["\uE282"]},
        {"type": "bitmap", "file": "minecraft:bingo/crafting/83.png","ascent": 22,"height": 22,"chars": ["\uE283"]},
        {"type": "bitmap", "file": "minecraft:bingo/crafting/84.png","ascent": 22,"height": 22,"chars": ["\uE284"]},
        {"type": "bitmap", "file": "minecraft:bingo/crafting/85.png","ascent": 22,"height": 22,"chars": ["\uE285"]},
        {"type": "bitmap", "file": "minecraft:bingo/crafting/86.png","ascent": 22,"height": 22,"chars": ["\uE286"]},
        {"type": "bitmap", "file": "minecraft:bingo/crafting/87.png","ascent": 22,"height": 22,"chars": ["\uE287"]},

        {"type": "bitmap", "file": "minecraft:bingo/structure/01.png","ascent": 22,"height": 22,"chars": ["\uE301"]},
        {"type": "bitmap", "file": "minecraft:bingo/structure/02.png","ascent": 22,"height": 22,"chars": ["\uE302"]},
        {"type": "bitmap", "file": "minecraft:bingo/structure/03.png","ascent": 22,"height": 22,"chars": ["\uE303"]},
        {"type": "bitmap", "file": "minecraft:bingo/structure/04.png","ascent": 22,"height": 22,"chars": ["\uE304"]},
        {"type": "bitmap", "file": "minecraft:bingo/structure/05.png","ascent": 22,"height": 22,"chars": ["\uE305"]},
        {"type": "bitmap", "file": "minecraft:bingo/structure/06.png","ascent": 22,"height": 22,"chars": ["\uE306"]},
        {"type": "bitmap", "file": "minecraft:bingo/structure/07.png","ascent": 22,"height": 22,"chars": ["\uE307"]},
        {"type": "bitmap", "file": "minecraft:bingo/structure/08.png","ascent": 22,"height": 22,"chars": ["\uE308"]},
        {"type": "bitmap", "file": "minecraft:bingo/structure/09.png","ascent": 22,"height": 22,"chars": ["\uE309"]},
        {"type": "bitmap", "file": "minecraft:bingo/structure/10.png","ascent": 22,"height": 22,"chars": ["\uE310"]},
        {"type": "bitmap", "file": "minecraft:bingo/structure/11.png","ascent": 22,"height": 22,"chars": ["\uE311"]},
        {"type": "bitmap", "file": "minecraft:bingo/structure/12.png","ascent": 22,"height": 22,"chars": ["\uE312"]},
        {"type": "bitmap", "file": "minecraft:bingo/structure/13.png","ascent": 22,"height": 22,"chars": ["\uE313"]},
        {"type": "bitmap", "file": "minecraft:bingo/structure/14.png","ascent": 22,"height": 22,"chars": ["\uE314"]},
        {"type": "bitmap", "file": "minecraft:bingo/structure/15.png","ascent": 22,"height": 22,"chars": ["\uE315"]},
        {"type": "bitmap", "file": "minecraft:bingo/structure/16.png","ascent": 22,"height": 22,"chars": ["\uE316"]},
        {"type": "bitmap", "file": "minecraft:bingo/structure/17.png","ascent": 22,"height": 22,"chars": ["\uE317"]},
        {"type": "bitmap", "file": "minecraft:bingo/structure/18.png","ascent": 22,"height": 22,"chars": ["\uE318"]},
        {"type": "bitmap", "file": "minecraft:bingo/structure/19.png","ascent": 22,"height": 22,"chars": ["\uE319"]},
        {"type": "bitmap", "file": "minecraft:bingo/structure/20.png","ascent": 22,"height": 22,"chars": ["\uE320"]},
        {"type": "bitmap", "file": "minecraft:bingo/structure/21.png","ascent": 22,"height": 22,"chars": ["\uE321"]},
        {"type": "bitmap", "file": "minecraft:bingo/structure/22.png","ascent": 22,"height": 22,"chars": ["\uE322"]},
        {"type": "bitmap", "file": "minecraft:bingo/structure/23.png","ascent": 22,"height": 22,"chars": ["\uE323"]},
        {"type": "bitmap", "file": "minecraft:bingo/structure/24.png","ascent": 22,"height": 22,"chars": ["\uE324"]},
        {"type": "bitmap", "file": "minecraft:bingo/structure/25.png","ascent": 22,"height": 22,"chars": ["\uE325"]},

        {"type": "bitmap", "file": "minecraft:bingo/structure/51.png","ascent": 22,"height": 22,"chars": ["\uE351"]},
        {"type": "bitmap", "file": "minecraft:bingo/structure/52.png","ascent": 22,"height": 22,"chars": ["\uE352"]},
        {"type": "bitmap", "file": "minecraft:bingo/structure/53.png","ascent": 22,"height": 22,"chars": ["\uE353"]},
        {"type": "bitmap", "file": "minecraft:bingo/structure/54.png","ascent": 22,"height": 22,"chars": ["\uE354"]},
        {"type": "bitmap", "file": "minecraft:bingo/structure/55.png","ascent": 22,"height": 22,"chars": ["\uE355"]},
        {"type": "bitmap", "file": "minecraft:bingo/structure/56.png","ascent": 22,"height": 22,"chars": ["\uE356"]},
        {"type": "bitmap", "file": "minecraft:bingo/structure/57.png","ascent": 22,"height": 22,"chars": ["\uE357"]},
        {"type": "bitmap", "file": "minecraft:bingo/structure/58.png","ascent": 22,"height": 22,"chars": ["\uE358"]},
        {"type": "bitmap", "file": "minecraft:bingo/structure/59.png","ascent": 22,"height": 22,"chars": ["\uE359"]},
        {"type": "bitmap", "file": "minecraft:bingo/structure/60.png","ascent": 22,"height": 22,"chars": ["\uE360"]},
        {"type": "bitmap", "file": "minecraft:bingo/structure/61.png","ascent": 22,"height": 22,"chars": ["\uE361"]},
        {"type": "bitmap", "file": "minecraft:bingo/structure/62.png","ascent": 22,"height": 22,"chars": ["\uE362"]},
        {"type": "bitmap", "file": "minecraft:bingo/structure/63.png","ascent": 22,"height": 22,"chars": ["\uE361"]},
        {"type": "bitmap", "file": "minecraft:bingo/structure/64.png","ascent": 22,"height": 22,"chars": ["\uE364"]},
        {"type": "bitmap", "file": "minecraft:bingo/structure/65.png","ascent": 22,"height": 22,"chars": ["\uE365"]},
        {"type": "bitmap", "file": "minecraft:bingo/structure/66.png","ascent": 22,"height": 22,"chars": ["\uE366"]},
        {"type": "bitmap", "file": "minecraft:bingo/structure/67.png","ascent": 22,"height": 22,"chars": ["\uE367"]},
        {"type": "bitmap", "file": "minecraft:bingo/structure/68.png","ascent": 22,"height": 22,"chars": ["\uE368"]},
        {"type": "bitmap", "file": "minecraft:bingo/structure/69.png","ascent": 22,"height": 22,"chars": ["\uE369"]},
        {"type": "bitmap", "file": "minecraft:bingo/structure/70.png","ascent": 22,"height": 22,"chars": ["\uE370"]},
        {"type": "bitmap", "file": "minecraft:bingo/structure/71.png","ascent": 22,"height": 22,"chars": ["\uE371"]},
        {"type": "bitmap", "file": "minecraft:bingo/structure/72.png","ascent": 22,"height": 22,"chars": ["\uE372"]},
        {"type": "bitmap", "file": "minecraft:bingo/structure/73.png","ascent": 22,"height": 22,"chars": ["\uE373"]},
        {"type": "bitmap", "file": "minecraft:bingo/structure/74.png","ascent": 22,"height": 22,"chars": ["\uE374"]},
        {"type": "bitmap", "file": "minecraft:bingo/structure/75.png","ascent": 22,"height": 22,"chars": ["\uE375"]},
        

        {"type": "bitmap", "file": "minecraft:bingo/biome/01.png","ascent": 22,"height": 22,"chars": ["\uE401"]},
        {"type": "bitmap", "file": "minecraft:bingo/biome/02.png","ascent": 22,"height": 22,"chars": ["\uE402"]},
        {"type": "bitmap", "file": "minecraft:bingo/biome/03.png","ascent": 22,"height": 22,"chars": ["\uE403"]},
        {"type": "bitmap", "file": "minecraft:bingo/biome/04.png","ascent": 22,"height": 22,"chars": ["\uE404"]},
        {"type": "bitmap", "file": "minecraft:bingo/biome/05.png","ascent": 22,"height": 22,"chars": ["\uE405"]},
        {"type": "bitmap", "file": "minecraft:bingo/biome/06.png","ascent": 22,"height": 22,"chars": ["\uE406"]},
        {"type": "bitmap", "file": "minecraft:bingo/biome/07.png","ascent": 22,"height": 22,"chars": ["\uE407"]},
        {"type": "bitmap", "file": "minecraft:bingo/biome/08.png","ascent": 22,"height": 22,"chars": ["\uE408"]},
        {"type": "bitmap", "file": "minecraft:bingo/biome/09.png","ascent": 22,"height": 22,"chars": ["\uE409"]},
        {"type": "bitmap", "file": "minecraft:bingo/biome/10.png","ascent": 22,"height": 22,"chars": ["\uE410"]},
        {"type": "bitmap", "file": "minecraft:bingo/biome/11.png","ascent": 22,"height": 22,"chars": ["\uE411"]},
        {"type": "bitmap", "file": "minecraft:bingo/biome/12.png","ascent": 22,"height": 22,"chars": ["\uE412"]},
        {"type": "bitmap", "file": "minecraft:bingo/biome/13.png","ascent": 22,"height": 22,"chars": ["\uE413"]},
        {"type": "bitmap", "file": "minecraft:bingo/biome/14.png","ascent": 22,"height": 22,"chars": ["\uE414"]},
        {"type": "bitmap", "file": "minecraft:bingo/biome/15.png","ascent": 22,"height": 22,"chars": ["\uE415"]},
        {"type": "bitmap", "file": "minecraft:bingo/biome/16.png","ascent": 22,"height": 22,"chars": ["\uE416"]},
        {"type": "bitmap", "file": "minecraft:bingo/biome/17.png","ascent": 22,"height": 22,"chars": ["\uE417"]},
        {"type": "bitmap", "file": "minecraft:bingo/biome/18.png","ascent": 22,"height": 22,"chars": ["\uE418"]},
        {"type": "bitmap", "file": "minecraft:bingo/biome/19.png","ascent": 22,"height": 22,"chars": ["\uE419"]},
        {"type": "bitmap", "file": "minecraft:bingo/biome/20.png","ascent": 22,"height": 22,"chars": ["\uE420"]},
        {"type": "bitmap", "file": "minecraft:bingo/biome/21.png","ascent": 22,"height": 22,"chars": ["\uE421"]},
        {"type": "bitmap", "file": "minecraft:bingo/biome/22.png","ascent": 22,"height": 22,"chars": ["\uE422"]},
        {"type": "bitmap", "file": "minecraft:bingo/biome/23.png","ascent": 22,"height": 22,"chars": ["\uE423"]},
        {"type": "bitmap", "file": "minecraft:bingo/biome/24.png","ascent": 22,"height": 22,"chars": ["\uE424"]},
        {"type": "bitmap", "file": "minecraft:bingo/biome/25.png","ascent": 22,"height": 22,"chars": ["\uE425"]},
        {"type": "bitmap", "file": "minecraft:bingo/biome/26.png","ascent": 22,"height": 22,"chars": ["\uE426"]},
        {"type": "bitmap", "file": "minecraft:bingo/biome/27.png","ascent": 22,"height": 22,"chars": ["\uE427"]},
        {"type": "bitmap", "file": "minecraft:bingo/biome/28.png","ascent": 22,"height": 22,"chars": ["\uE428"]},
        {"type": "bitmap", "file": "minecraft:bingo/biome/29.png","ascent": 22,"height": 22,"chars": ["\uE429"]},
        {"type": "bitmap", "file": "minecraft:bingo/biome/30.png","ascent": 22,"height": 22,"chars": ["\uE430"]},
        {"type": "bitmap", "file": "minecraft:bingo/biome/31.png","ascent": 22,"height": 22,"chars": ["\uE431"]},
        {"type": "bitmap", "file": "minecraft:bingo/biome/32.png","ascent": 22,"height": 22,"chars": ["\uE432"]},
        {"type": "bitmap", "file": "minecraft:bingo/biome/33.png","ascent": 22,"height": 22,"chars": ["\uE433"]},
        {"type": "bitmap", "file": "minecraft:bingo/biome/34.png","ascent": 22,"height": 22,"chars": ["\uE434"]},
        {"type": "bitmap", "file": "minecraft:bingo/biome/35.png","ascent": 22,"height": 22,"chars": ["\uE435"]},
        {"type": "bitmap", "file": "minecraft:bingo/biome/36.png","ascent": 22,"height": 22,"chars": ["\uE436"]},
        {"type": "bitmap", "file": "minecraft:bingo/biome/37.png","ascent": 22,"height": 22,"chars": ["\uE437"]},
        {"type": "bitmap", "file": "minecraft:bingo/biome/38.png","ascent": 22,"height": 22,"chars": ["\uE438"]},
        {"type": "bitmap", "file": "minecraft:bingo/biome/39.png","ascent": 22,"height": 22,"chars": ["\uE439"]},
        {"type": "bitmap", "file": "minecraft:bingo/biome/40.png","ascent": 22,"height": 22,"chars": ["\uE440"]},
        {"type": "bitmap", "file": "minecraft:bingo/biome/41.png","ascent": 22,"height": 22,"chars": ["\uE441"]},

        {"type": "bitmap", "file": "minecraft:bingo/biome/51.png","ascent": 22,"height": 22,"chars": ["\uE451"]},
        {"type": "bitmap", "file": "minecraft:bingo/biome/52.png","ascent": 22,"height": 22,"chars": ["\uE452"]},
        {"type": "bitmap", "file": "minecraft:bingo/biome/53.png","ascent": 22,"height": 22,"chars": ["\uE453"]},
        {"type": "bitmap", "file": "minecraft:bingo/biome/54.png","ascent": 22,"height": 22,"chars": ["\uE454"]},
        {"type": "bitmap", "file": "minecraft:bingo/biome/55.png","ascent": 22,"height": 22,"chars": ["\uE455"]},
        {"type": "bitmap", "file": "minecraft:bingo/biome/56.png","ascent": 22,"height": 22,"chars": ["\uE456"]},
        {"type": "bitmap", "file": "minecraft:bingo/biome/57.png","ascent": 22,"height": 22,"chars": ["\uE457"]},
        {"type": "bitmap", "file": "minecraft:bingo/biome/58.png","ascent": 22,"height": 22,"chars": ["\uE458"]},
        {"type": "bitmap", "file": "minecraft:bingo/biome/59.png","ascent": 22,"height": 22,"chars": ["\uE459"]},
        {"type": "bitmap", "file": "minecraft:bingo/biome/60.png","ascent": 22,"height": 22,"chars": ["\uE460"]},
        {"type": "bitmap", "file": "minecraft:bingo/biome/61.png","ascent": 22,"height": 22,"chars": ["\uE461"]},
        {"type": "bitmap", "file": "minecraft:bingo/biome/62.png","ascent": 22,"height": 22,"chars": ["\uE462"]},
        {"type": "bitmap", "file": "minecraft:bingo/biome/63.png","ascent": 22,"height": 22,"chars": ["\uE463"]},
        {"type": "bitmap", "file": "minecraft:bingo/biome/64.png","ascent": 22,"height": 22,"chars": ["\uE464"]},
        {"type": "bitmap", "file": "minecraft:bingo/biome/65.png","ascent": 22,"height": 22,"chars": ["\uE465"]},
        {"type": "bitmap", "file": "minecraft:bingo/biome/66.png","ascent": 22,"height": 22,"chars": ["\uE466"]},
        {"type": "bitmap", "file": "minecraft:bingo/biome/67.png","ascent": 22,"height": 22,"chars": ["\uE467"]},
        {"type": "bitmap", "file": "minecraft:bingo/biome/68.png","ascent": 22,"height": 22,"chars": ["\uE468"]},
        {"type": "bitmap", "file": "minecraft:bingo/biome/69.png","ascent": 22,"height": 22,"chars": ["\uE469"]},
        {"type": "bitmap", "file": "minecraft:bingo/biome/70.png","ascent": 22,"height": 22,"chars": ["\uE470"]},
        {"type": "bitmap", "file": "minecraft:bingo/biome/71.png","ascent": 22,"height": 22,"chars": ["\uE471"]},
        {"type": "bitmap", "file": "minecraft:bingo/biome/72.png","ascent": 22,"height": 22,"chars": ["\uE472"]},
        {"type": "bitmap", "file": "minecraft:bingo/biome/73.png","ascent": 22,"height": 22,"chars": ["\uE473"]},
        {"type": "bitmap", "file": "minecraft:bingo/biome/74.png","ascent": 22,"height": 22,"chars": ["\uE474"]},
        {"type": "bitmap", "file": "minecraft:bingo/biome/75.png","ascent": 22,"height": 22,"chars": ["\uE475"]},
        {"type": "bitmap", "file": "minecraft:bingo/biome/76.png","ascent": 22,"height": 22,"chars": ["\uE476"]},
        {"type": "bitmap", "file": "minecraft:bingo/biome/77.png","ascent": 22,"height": 22,"chars": ["\uE477"]},
        {"type": "bitmap", "file": "minecraft:bingo/biome/78.png","ascent": 22,"height": 22,"chars": ["\uE478"]},
        {"type": "bitmap", "file": "minecraft:bingo/biome/79.png","ascent": 22,"height": 22,"chars": ["\uE479"]},
        {"type": "bitmap", "file": "minecraft:bingo/biome/80.png","ascent": 22,"height": 22,"chars": ["\uE480"]},
        {"type": "bitmap", "file": "minecraft:bingo/biome/81.png","ascent": 22,"height": 22,"chars": ["\uE481"]},
        {"type": "bitmap", "file": "minecraft:bingo/biome/82.png","ascent": 22,"height": 22,"chars": ["\uE482"]},
        {"type": "bitmap", "file": "minecraft:bingo/biome/83.png","ascent": 22,"height": 22,"chars": ["\uE483"]},
        {"type": "bitmap", "file": "minecraft:bingo/biome/84.png","ascent": 22,"height": 22,"chars": ["\uE484"]},
        {"type": "bitmap", "file": "minecraft:bingo/biome/85.png","ascent": 22,"height": 22,"chars": ["\uE485"]},
        {"type": "bitmap", "file": "minecraft:bingo/biome/86.png","ascent": 22,"height": 22,"chars": ["\uE486"]},
        {"type": "bitmap", "file": "minecraft:bingo/biome/87.png","ascent": 22,"height": 22,"chars": ["\uE487"]},
        {"type": "bitmap", "file": "minecraft:bingo/biome/88.png","ascent": 22,"height": 22,"chars": ["\uE488"]},
        {"type": "bitmap", "file": "minecraft:bingo/biome/89.png","ascent": 22,"height": 22,"chars": ["\uE489"]},
        {"type": "bitmap", "file": "minecraft:bingo/biome/90.png","ascent": 22,"height": 22,"chars": ["\uE490"]},
        {"type": "bitmap", "file": "minecraft:bingo/biome/91.png","ascent": 22,"height": 22,"chars": ["\uE491"]},


        {"type": "bitmap", "file": "minecraft:bingo/ore/01.png","ascent": 22,"height": 22,"chars": ["\uE501"]},
        {"type": "bitmap", "file": "minecraft:bingo/ore/02.png","ascent": 22,"height": 22,"chars": ["\uE502"]},
        {"type": "bitmap", "file": "minecraft:bingo/ore/03.png","ascent": 22,"height": 22,"chars": ["\uE503"]},
        {"type": "bitmap", "file": "minecraft:bingo/ore/04.png","ascent": 22,"height": 22,"chars": ["\uE504"]},
        {"type": "bitmap", "file": "minecraft:bingo/ore/05.png","ascent": 22,"height": 22,"chars": ["\uE505"]},
        {"type": "bitmap", "file": "minecraft:bingo/ore/06.png","ascent": 22,"height": 22,"chars": ["\uE506"]},
        {"type": "bitmap", "file": "minecraft:bingo/ore/07.png","ascent": 22,"height": 22,"chars": ["\uE507"]},
        {"type": "bitmap", "file": "minecraft:bingo/ore/08.png","ascent": 22,"height": 22,"chars": ["\uE508"]},
        {"type": "bitmap", "file": "minecraft:bingo/ore/09.png","ascent": 22,"height": 22,"chars": ["\uE509"]},
        {"type": "bitmap", "file": "minecraft:bingo/ore/10.png","ascent": 22,"height": 22,"chars": ["\uE510"]},
        {"type": "bitmap", "file": "minecraft:bingo/ore/11.png","ascent": 22,"height": 22,"chars": ["\uE511"]},
        {"type": "bitmap", "file": "minecraft:bingo/ore/12.png","ascent": 22,"height": 22,"chars": ["\uE512"]},
        {"type": "bitmap", "file": "minecraft:bingo/ore/13.png","ascent": 22,"height": 22,"chars": ["\uE513"]},
        {"type": "bitmap", "file": "minecraft:bingo/ore/14.png","ascent": 22,"height": 22,"chars": ["\uE514"]},
        {"type": "bitmap", "file": "minecraft:bingo/ore/15.png","ascent": 22,"height": 22,"chars": ["\uE515"]},
        {"type": "bitmap", "file": "minecraft:bingo/ore/16.png","ascent": 22,"height": 22,"chars": ["\uE516"]},
        {"type": "bitmap", "file": "minecraft:bingo/ore/17.png","ascent": 22,"height": 22,"chars": ["\uE517"]},
        {"type": "bitmap", "file": "minecraft:bingo/ore/18.png","ascent": 22,"height": 22,"chars": ["\uE518"]},
        {"type": "bitmap", "file": "minecraft:bingo/ore/19.png","ascent": 22,"height": 22,"chars": ["\uE519"]},
        {"type": "bitmap", "file": "minecraft:bingo/ore/20.png","ascent": 22,"height": 22,"chars": ["\uE520"]},
        {"type": "bitmap", "file": "minecraft:bingo/ore/21.png","ascent": 22,"height": 22,"chars": ["\uE521"]},
        {"type": "bitmap", "file": "minecraft:bingo/ore/22.png","ascent": 22,"height": 22,"chars": ["\uE522"]},
        {"type": "bitmap", "file": "minecraft:bingo/ore/23.png","ascent": 22,"height": 22,"chars": ["\uE523"]},
        {"type": "bitmap", "file": "minecraft:bingo/ore/24.png","ascent": 22,"height": 22,"chars": ["\uE524"]},
        {"type": "bitmap", "file": "minecraft:bingo/ore/25.png","ascent": 22,"height": 22,"chars": ["\uE525"]},
        {"type": "bitmap", "file": "minecraft:bingo/ore/26.png","ascent": 22,"height": 22,"chars": ["\uE526"]},
        {"type": "bitmap", "file": "minecraft:bingo/ore/27.png","ascent": 22,"height": 22,"chars": ["\uE527"]},
        {"type": "bitmap", "file": "minecraft:bingo/ore/28.png","ascent": 22,"height": 22,"chars": ["\uE528"]},
        {"type": "bitmap", "file": "minecraft:bingo/ore/29.png","ascent": 22,"height": 22,"chars": ["\uE529"]},
        {"type": "bitmap", "file": "minecraft:bingo/ore/30.png","ascent": 22,"height": 22,"chars": ["\uE530"]},
        {"type": "bitmap", "file": "minecraft:bingo/ore/31.png","ascent": 22,"height": 22,"chars": ["\uE531"]},
        {"type": "bitmap", "file": "minecraft:bingo/ore/32.png","ascent": 22,"height": 22,"chars": ["\uE532"]},
        {"type": "bitmap", "file": "minecraft:bingo/ore/33.png","ascent": 22,"height": 22,"chars": ["\uE533"]},
        {"type": "bitmap", "file": "minecraft:bingo/ore/34.png","ascent": 22,"height": 22,"chars": ["\uE534"]},
        {"type": "bitmap", "file": "minecraft:bingo/ore/35.png","ascent": 22,"height": 22,"chars": ["\uE535"]},

        {"type": "bitmap", "file": "minecraft:bingo/ore/51.png","ascent": 22,"height": 22,"chars": ["\uE551"]},
        {"type": "bitmap", "file": "minecraft:bingo/ore/52.png","ascent": 22,"height": 22,"chars": ["\uE552"]},
        {"type": "bitmap", "file": "minecraft:bingo/ore/53.png","ascent": 22,"height": 22,"chars": ["\uE553"]},
        {"type": "bitmap", "file": "minecraft:bingo/ore/54.png","ascent": 22,"height": 22,"chars": ["\uE554"]},
        {"type": "bitmap", "file": "minecraft:bingo/ore/55.png","ascent": 22,"height": 22,"chars": ["\uE555"]},
        {"type": "bitmap", "file": "minecraft:bingo/ore/56.png","ascent": 22,"height": 22,"chars": ["\uE556"]},
        {"type": "bitmap", "file": "minecraft:bingo/ore/57.png","ascent": 22,"height": 22,"chars": ["\uE557"]},
        {"type": "bitmap", "file": "minecraft:bingo/ore/58.png","ascent": 22,"height": 22,"chars": ["\uE558"]},
        {"type": "bitmap", "file": "minecraft:bingo/ore/59.png","ascent": 22,"height": 22,"chars": ["\uE559"]},
        {"type": "bitmap", "file": "minecraft:bingo/ore/60.png","ascent": 22,"height": 22,"chars": ["\uE560"]},
        {"type": "bitmap", "file": "minecraft:bingo/ore/61.png","ascent": 22,"height": 22,"chars": ["\uE561"]},
        {"type": "bitmap", "file": "minecraft:bingo/ore/62.png","ascent": 22,"height": 22,"chars": ["\uE562"]},
        {"type": "bitmap", "file": "minecraft:bingo/ore/63.png","ascent": 22,"height": 22,"chars": ["\uE563"]},
        {"type": "bitmap", "file": "minecraft:bingo/ore/64.png","ascent": 22,"height": 22,"chars": ["\uE564"]},
        {"type": "bitmap", "file": "minecraft:bingo/ore/65.png","ascent": 22,"height": 22,"chars": ["\uE565"]},
        {"type": "bitmap", "file": "minecraft:bingo/ore/66.png","ascent": 22,"height": 22,"chars": ["\uE566"]},
        {"type": "bitmap", "file": "minecraft:bingo/ore/67.png","ascent": 22,"height": 22,"chars": ["\uE567"]},
        {"type": "bitmap", "file": "minecraft:bingo/ore/68.png","ascent": 22,"height": 22,"chars": ["\uE568"]},
        {"type": "bitmap", "file": "minecraft:bingo/ore/69.png","ascent": 22,"height": 22,"chars": ["\uE569"]},
        {"type": "bitmap", "file": "minecraft:bingo/ore/70.png","ascent": 22,"height": 22,"chars": ["\uE570"]},
        {"type": "bitmap", "file": "minecraft:bingo/ore/71.png","ascent": 22,"height": 22,"chars": ["\uE571"]},
        {"type": "bitmap", "file": "minecraft:bingo/ore/72.png","ascent": 22,"height": 22,"chars": ["\uE572"]},
        {"type": "bitmap", "file": "minecraft:bingo/ore/73.png","ascent": 22,"height": 22,"chars": ["\uE573"]},
        {"type": "bitmap", "file": "minecraft:bingo/ore/74.png","ascent": 22,"height": 22,"chars": ["\uE574"]},
        {"type": "bitmap", "file": "minecraft:bingo/ore/75.png","ascent": 22,"height": 22,"chars": ["\uE575"]},
        {"type": "bitmap", "file": "minecraft:bingo/ore/76.png","ascent": 22,"height": 22,"chars": ["\uE576"]},
        {"type": "bitmap", "file": "minecraft:bingo/ore/77.png","ascent": 22,"height": 22,"chars": ["\uE577"]},
        {"type": "bitmap", "file": "minecraft:bingo/ore/78.png","ascent": 22,"height": 22,"chars": ["\uE578"]},
        {"type": "bitmap", "file": "minecraft:bingo/ore/79.png","ascent": 22,"height": 22,"chars": ["\uE579"]},
        {"type": "bitmap", "file": "minecraft:bingo/ore/80.png","ascent": 22,"height": 22,"chars": ["\uE580"]},
        {"type": "bitmap", "file": "minecraft:bingo/ore/81.png","ascent": 22,"height": 22,"chars": ["\uE581"]},
        {"type": "bitmap", "file": "minecraft:bingo/ore/82.png","ascent": 22,"height": 22,"chars": ["\uE582"]},
        {"type": "bitmap", "file": "minecraft:bingo/ore/83.png","ascent": 22,"height": 22,"chars": ["\uE583"]},
        {"type": "bitmap", "file": "minecraft:bingo/ore/84.png","ascent": 22,"height": 22,"chars": ["\uE584"]},
        {"type": "bitmap", "file": "minecraft:bingo/ore/85.png","ascent": 22,"height": 22,"chars": ["\uE585"]},


        {"type": "bitmap", "file": "minecraft:bingo/stone/01.png","ascent": 22,"height": 22,"chars": ["\uE601"]},
        {"type": "bitmap", "file": "minecraft:bingo/stone/02.png","ascent": 22,"height": 22,"chars": ["\uE602"]},
        {"type": "bitmap", "file": "minecraft:bingo/stone/03.png","ascent": 22,"height": 22,"chars": ["\uE603"]},
        {"type": "bitmap", "file": "minecraft:bingo/stone/04.png","ascent": 22,"height": 22,"chars": ["\uE604"]},
        {"type": "bitmap", "file": "minecraft:bingo/stone/05.png","ascent": 22,"height": 22,"chars": ["\uE605"]},
        {"type": "bitmap", "file": "minecraft:bingo/stone/06.png","ascent": 22,"height": 22,"chars": ["\uE606"]},
        {"type": "bitmap", "file": "minecraft:bingo/stone/07.png","ascent": 22,"height": 22,"chars": ["\uE607"]},
        {"type": "bitmap", "file": "minecraft:bingo/stone/08.png","ascent": 22,"height": 22,"chars": ["\uE608"]},
        {"type": "bitmap", "file": "minecraft:bingo/stone/09.png","ascent": 22,"height": 22,"chars": ["\uE609"]},
        {"type": "bitmap", "file": "minecraft:bingo/stone/10.png","ascent": 22,"height": 22,"chars": ["\uE610"]},
        {"type": "bitmap", "file": "minecraft:bingo/stone/11.png","ascent": 22,"height": 22,"chars": ["\uE611"]},
        {"type": "bitmap", "file": "minecraft:bingo/stone/12.png","ascent": 22,"height": 22,"chars": ["\uE612"]},
        {"type": "bitmap", "file": "minecraft:bingo/stone/13.png","ascent": 22,"height": 22,"chars": ["\uE613"]},
        {"type": "bitmap", "file": "minecraft:bingo/stone/14.png","ascent": 22,"height": 22,"chars": ["\uE614"]},
        {"type": "bitmap", "file": "minecraft:bingo/stone/15.png","ascent": 22,"height": 22,"chars": ["\uE615"]},
        {"type": "bitmap", "file": "minecraft:bingo/stone/16.png","ascent": 22,"height": 22,"chars": ["\uE616"]},
        {"type": "bitmap", "file": "minecraft:bingo/stone/17.png","ascent": 22,"height": 22,"chars": ["\uE617"]},
        {"type": "bitmap", "file": "minecraft:bingo/stone/18.png","ascent": 22,"height": 22,"chars": ["\uE618"]},
        {"type": "bitmap", "file": "minecraft:bingo/stone/19.png","ascent": 22,"height": 22,"chars": ["\uE619"]},
        {"type": "bitmap", "file": "minecraft:bingo/stone/20.png","ascent": 22,"height": 22,"chars": ["\uE620"]},
        {"type": "bitmap", "file": "minecraft:bingo/stone/21.png","ascent": 22,"height": 22,"chars": ["\uE621"]},
        {"type": "bitmap", "file": "minecraft:bingo/stone/22.png","ascent": 22,"height": 22,"chars": ["\uE622"]},
        {"type": "bitmap", "file": "minecraft:bingo/stone/23.png","ascent": 22,"height": 22,"chars": ["\uE623"]},
        {"type": "bitmap", "file": "minecraft:bingo/stone/24.png","ascent": 22,"height": 22,"chars": ["\uE624"]},

        {"type": "bitmap", "file": "minecraft:bingo/stone/51.png","ascent": 22,"height": 22,"chars": ["\uE651"]},
        {"type": "bitmap", "file": "minecraft:bingo/stone/52.png","ascent": 22,"height": 22,"chars": ["\uE652"]},
        {"type": "bitmap", "file": "minecraft:bingo/stone/53.png","ascent": 22,"height": 22,"chars": ["\uE653"]},
        {"type": "bitmap", "file": "minecraft:bingo/stone/54.png","ascent": 22,"height": 22,"chars": ["\uE654"]},
        {"type": "bitmap", "file": "minecraft:bingo/stone/55.png","ascent": 22,"height": 22,"chars": ["\uE655"]},
        {"type": "bitmap", "file": "minecraft:bingo/stone/56.png","ascent": 22,"height": 22,"chars": ["\uE656"]},
        {"type": "bitmap", "file": "minecraft:bingo/stone/57.png","ascent": 22,"height": 22,"chars": ["\uE657"]},
        {"type": "bitmap", "file": "minecraft:bingo/stone/58.png","ascent": 22,"height": 22,"chars": ["\uE658"]},
        {"type": "bitmap", "file": "minecraft:bingo/stone/59.png","ascent": 22,"height": 22,"chars": ["\uE659"]},
        {"type": "bitmap", "file": "minecraft:bingo/stone/60.png","ascent": 22,"height": 22,"chars": ["\uE660"]},
        {"type": "bitmap", "file": "minecraft:bingo/stone/61.png","ascent": 22,"height": 22,"chars": ["\uE661"]},
        {"type": "bitmap", "file": "minecraft:bingo/stone/62.png","ascent": 22,"height": 22,"chars": ["\uE662"]},
        {"type": "bitmap", "file": "minecraft:bingo/stone/63.png","ascent": 22,"height": 22,"chars": ["\uE663"]},
        {"type": "bitmap", "file": "minecraft:bingo/stone/64.png","ascent": 22,"height": 22,"chars": ["\uE664"]},
        {"type": "bitmap", "file": "minecraft:bingo/stone/65.png","ascent": 22,"height": 22,"chars": ["\uE665"]},
        {"type": "bitmap", "file": "minecraft:bingo/stone/66.png","ascent": 22,"height": 22,"chars": ["\uE666"]},
        {"type": "bitmap", "file": "minecraft:bingo/stone/67.png","ascent": 22,"height": 22,"chars": ["\uE667"]},
        {"type": "bitmap", "file": "minecraft:bingo/stone/68.png","ascent": 22,"height": 22,"chars": ["\uE668"]},
        {"type": "bitmap", "file": "minecraft:bingo/stone/69.png","ascent": 22,"height": 22,"chars": ["\uE669"]},
        {"type": "bitmap", "file": "minecraft:bingo/stone/70.png","ascent": 22,"height": 22,"chars": ["\uE670"]},
        {"type": "bitmap", "file": "minecraft:bingo/stone/71.png","ascent": 22,"height": 22,"chars": ["\uE671"]},
        {"type": "bitmap", "file": "minecraft:bingo/stone/72.png","ascent": 22,"height": 22,"chars": ["\uE672"]},
        {"type": "bitmap", "file": "minecraft:bingo/stone/73.png","ascent": 22,"height": 22,"chars": ["\uE673"]},
        {"type": "bitmap", "file": "minecraft:bingo/stone/74.png","ascent": 22,"height": 22,"chars": ["\uE674"]},


        {"type": "bitmap", "file": "minecraft:bingo/color/01.png","ascent": 22,"height": 22,"chars": ["\uE701"]},
        {"type": "bitmap", "file": "minecraft:bingo/color/02.png","ascent": 22,"height": 22,"chars": ["\uE702"]},
        {"type": "bitmap", "file": "minecraft:bingo/color/03.png","ascent": 22,"height": 22,"chars": ["\uE703"]},
        {"type": "bitmap", "file": "minecraft:bingo/color/04.png","ascent": 22,"height": 22,"chars": ["\uE704"]},
        {"type": "bitmap", "file": "minecraft:bingo/color/05.png","ascent": 22,"height": 22,"chars": ["\uE705"]},
        {"type": "bitmap", "file": "minecraft:bingo/color/06.png","ascent": 22,"height": 22,"chars": ["\uE706"]},
        {"type": "bitmap", "file": "minecraft:bingo/color/07.png","ascent": 22,"height": 22,"chars": ["\uE707"]},
        {"type": "bitmap", "file": "minecraft:bingo/color/08.png","ascent": 22,"height": 22,"chars": ["\uE708"]},
        {"type": "bitmap", "file": "minecraft:bingo/color/09.png","ascent": 22,"height": 22,"chars": ["\uE709"]},
        {"type": "bitmap", "file": "minecraft:bingo/color/10.png","ascent": 22,"height": 22,"chars": ["\uE710"]},
        {"type": "bitmap", "file": "minecraft:bingo/color/11.png","ascent": 22,"height": 22,"chars": ["\uE711"]},
        {"type": "bitmap", "file": "minecraft:bingo/color/12.png","ascent": 22,"height": 22,"chars": ["\uE712"]},
        {"type": "bitmap", "file": "minecraft:bingo/color/13.png","ascent": 22,"height": 22,"chars": ["\uE713"]},
        {"type": "bitmap", "file": "minecraft:bingo/color/14.png","ascent": 22,"height": 22,"chars": ["\uE714"]},
        {"type": "bitmap", "file": "minecraft:bingo/color/15.png","ascent": 22,"height": 22,"chars": ["\uE715"]},
        {"type": "bitmap", "file": "minecraft:bingo/color/16.png","ascent": 22,"height": 22,"chars": ["\uE716"]},

        {"type": "bitmap", "file": "minecraft:bingo/color/51.png","ascent": 22,"height": 22,"chars": ["\uE751"]},
        {"type": "bitmap", "file": "minecraft:bingo/color/52.png","ascent": 22,"height": 22,"chars": ["\uE752"]},
        {"type": "bitmap", "file": "minecraft:bingo/color/53.png","ascent": 22,"height": 22,"chars": ["\uE753"]},
        {"type": "bitmap", "file": "minecraft:bingo/color/54.png","ascent": 22,"height": 22,"chars": ["\uE754"]},
        {"type": "bitmap", "file": "minecraft:bingo/color/55.png","ascent": 22,"height": 22,"chars": ["\uE755"]},
        {"type": "bitmap", "file": "minecraft:bingo/color/56.png","ascent": 22,"height": 22,"chars": ["\uE756"]},
        {"type": "bitmap", "file": "minecraft:bingo/color/57.png","ascent": 22,"height": 22,"chars": ["\uE757"]},
        {"type": "bitmap", "file": "minecraft:bingo/color/58.png","ascent": 22,"height": 22,"chars": ["\uE758"]},
        {"type": "bitmap", "file": "minecraft:bingo/color/59.png","ascent": 22,"height": 22,"chars": ["\uE759"]},
        {"type": "bitmap", "file": "minecraft:bingo/color/60.png","ascent": 22,"height": 22,"chars": ["\uE760"]},
        {"type": "bitmap", "file": "minecraft:bingo/color/61.png","ascent": 22,"height": 22,"chars": ["\uE761"]},
        {"type": "bitmap", "file": "minecraft:bingo/color/62.png","ascent": 22,"height": 22,"chars": ["\uE762"]},
        {"type": "bitmap", "file": "minecraft:bingo/color/63.png","ascent": 22,"height": 22,"chars": ["\uE763"]},
        {"type": "bitmap", "file": "minecraft:bingo/color/64.png","ascent": 22,"height": 22,"chars": ["\uE764"]},
        {"type": "bitmap", "file": "minecraft:bingo/color/65.png","ascent": 22,"height": 22,"chars": ["\uE765"]},
        {"type": "bitmap", "file": "minecraft:bingo/color/66.png","ascent": 22,"height": 22,"chars": ["\uE766"]},


        {"type": "bitmap", "file": "minecraft:bingo/food/01.png","ascent": 22,"height": 22,"chars": ["\uE801"]},
        {"type": "bitmap", "file": "minecraft:bingo/food/02.png","ascent": 22,"height": 22,"chars": ["\uE802"]},
        {"type": "bitmap", "file": "minecraft:bingo/food/03.png","ascent": 22,"height": 22,"chars": ["\uE803"]},
        {"type": "bitmap", "file": "minecraft:bingo/food/04.png","ascent": 22,"height": 22,"chars": ["\uE804"]},
        {"type": "bitmap", "file": "minecraft:bingo/food/05.png","ascent": 22,"height": 22,"chars": ["\uE805"]},
        {"type": "bitmap", "file": "minecraft:bingo/food/06.png","ascent": 22,"height": 22,"chars": ["\uE806"]},
        {"type": "bitmap", "file": "minecraft:bingo/food/07.png","ascent": 22,"height": 22,"chars": ["\uE807"]},
        {"type": "bitmap", "file": "minecraft:bingo/food/08.png","ascent": 22,"height": 22,"chars": ["\uE808"]},
        {"type": "bitmap", "file": "minecraft:bingo/food/09.png","ascent": 22,"height": 22,"chars": ["\uE809"]},
        {"type": "bitmap", "file": "minecraft:bingo/food/10.png","ascent": 22,"height": 22,"chars": ["\uE810"]},
        {"type": "bitmap", "file": "minecraft:bingo/food/11.png","ascent": 22,"height": 22,"chars": ["\uE811"]},
        {"type": "bitmap", "file": "minecraft:bingo/food/12.png","ascent": 22,"height": 22,"chars": ["\uE812"]},
        {"type": "bitmap", "file": "minecraft:bingo/food/13.png","ascent": 22,"height": 22,"chars": ["\uE813"]},
        {"type": "bitmap", "file": "minecraft:bingo/food/14.png","ascent": 22,"height": 22,"chars": ["\uE814"]},
        {"type": "bitmap", "file": "minecraft:bingo/food/15.png","ascent": 22,"height": 22,"chars": ["\uE815"]},
        {"type": "bitmap", "file": "minecraft:bingo/food/16.png","ascent": 22,"height": 22,"chars": ["\uE816"]},
        {"type": "bitmap", "file": "minecraft:bingo/food/17.png","ascent": 22,"height": 22,"chars": ["\uE817"]},
        {"type": "bitmap", "file": "minecraft:bingo/food/18.png","ascent": 22,"height": 22,"chars": ["\uE818"]},
        {"type": "bitmap", "file": "minecraft:bingo/food/19.png","ascent": 22,"height": 22,"chars": ["\uE819"]},
        {"type": "bitmap", "file": "minecraft:bingo/food/20.png","ascent": 22,"height": 22,"chars": ["\uE820"]},
        {"type": "bitmap", "file": "minecraft:bingo/food/21.png","ascent": 22,"height": 22,"chars": ["\uE821"]},
        {"type": "bitmap", "file": "minecraft:bingo/food/22.png","ascent": 22,"height": 22,"chars": ["\uE822"]},
        {"type": "bitmap", "file": "minecraft:bingo/food/23.png","ascent": 22,"height": 22,"chars": ["\uE823"]},
        {"type": "bitmap", "file": "minecraft:bingo/food/24.png","ascent": 22,"height": 22,"chars": ["\uE824"]},
        {"type": "bitmap", "file": "minecraft:bingo/food/25.png","ascent": 22,"height": 22,"chars": ["\uE825"]},
        
        {"type": "bitmap", "file": "minecraft:bingo/food/51.png","ascent": 22,"height": 22,"chars": ["\uE851"]},
        {"type": "bitmap", "file": "minecraft:bingo/food/52.png","ascent": 22,"height": 22,"chars": ["\uE852"]},
        {"type": "bitmap", "file": "minecraft:bingo/food/53.png","ascent": 22,"height": 22,"chars": ["\uE853"]},
        {"type": "bitmap", "file": "minecraft:bingo/food/54.png","ascent": 22,"height": 22,"chars": ["\uE854"]},
        {"type": "bitmap", "file": "minecraft:bingo/food/55.png","ascent": 22,"height": 22,"chars": ["\uE855"]},
        {"type": "bitmap", "file": "minecraft:bingo/food/56.png","ascent": 22,"height": 22,"chars": ["\uE856"]},
        {"type": "bitmap", "file": "minecraft:bingo/food/57.png","ascent": 22,"height": 22,"chars": ["\uE857"]},
        {"type": "bitmap", "file": "minecraft:bingo/food/58.png","ascent": 22,"height": 22,"chars": ["\uE858"]},
        {"type": "bitmap", "file": "minecraft:bingo/food/59.png","ascent": 22,"height": 22,"chars": ["\uE859"]},
        {"type": "bitmap", "file": "minecraft:bingo/food/60.png","ascent": 22,"height": 22,"chars": ["\uE860"]},
        {"type": "bitmap", "file": "minecraft:bingo/food/61.png","ascent": 22,"height": 22,"chars": ["\uE861"]},
        {"type": "bitmap", "file": "minecraft:bingo/food/62.png","ascent": 22,"height": 22,"chars": ["\uE862"]},
        {"type": "bitmap", "file": "minecraft:bingo/food/63.png","ascent": 22,"height": 22,"chars": ["\uE863"]},
        {"type": "bitmap", "file": "minecraft:bingo/food/64.png","ascent": 22,"height": 22,"chars": ["\uE864"]},
        {"type": "bitmap", "file": "minecraft:bingo/food/65.png","ascent": 22,"height": 22,"chars": ["\uE865"]},
        {"type": "bitmap", "file": "minecraft:bingo/food/66.png","ascent": 22,"height": 22,"chars": ["\uE866"]},
        {"type": "bitmap", "file": "minecraft:bingo/food/67.png","ascent": 22,"height": 22,"chars": ["\uE867"]},
        {"type": "bitmap", "file": "minecraft:bingo/food/68.png","ascent": 22,"height": 22,"chars": ["\uE868"]},
        {"type": "bitmap", "file": "minecraft:bingo/food/69.png","ascent": 22,"height": 22,"chars": ["\uE869"]},
        {"type": "bitmap", "file": "minecraft:bingo/food/70.png","ascent": 22,"height": 22,"chars": ["\uE870"]},
        {"type": "bitmap", "file": "minecraft:bingo/food/71.png","ascent": 22,"height": 22,"chars": ["\uE871"]},
        {"type": "bitmap", "file": "minecraft:bingo/food/72.png","ascent": 22,"height": 22,"chars": ["\uE872"]},
        {"type": "bitmap", "file": "minecraft:bingo/food/73.png","ascent": 22,"height": 22,"chars": ["\uE873"]},
        {"type": "bitmap", "file": "minecraft:bingo/food/74.png","ascent": 22,"height": 22,"chars": ["\uE874"]},
        {"type": "bitmap", "file": "minecraft:bingo/food/75.png","ascent": 22,"height": 22,"chars": ["\uE875"]},


        {"type": "bitmap", "file": "minecraft:bingo/advancements/01.png","ascent": 22,"height": 22,"chars": ["\uE901"]},
        {"type": "bitmap", "file": "minecraft:bingo/advancements/02.png","ascent": 22,"height": 22,"chars": ["\uE902"]},
        {"type": "bitmap", "file": "minecraft:bingo/advancements/03.png","ascent": 22,"height": 22,"chars": ["\uE903"]},
        {"type": "bitmap", "file": "minecraft:bingo/advancements/04.png","ascent": 22,"height": 22,"chars": ["\uE904"]},
        {"type": "bitmap", "file": "minecraft:bingo/advancements/05.png","ascent": 22,"height": 22,"chars": ["\uE905"]},
        {"type": "bitmap", "file": "minecraft:bingo/advancements/06.png","ascent": 22,"height": 22,"chars": ["\uE906"]},
        {"type": "bitmap", "file": "minecraft:bingo/advancements/07.png","ascent": 22,"height": 22,"chars": ["\uE907"]},
        {"type": "bitmap", "file": "minecraft:bingo/advancements/08.png","ascent": 22,"height": 22,"chars": ["\uE908"]},
        {"type": "bitmap", "file": "minecraft:bingo/advancements/09.png","ascent": 22,"height": 22,"chars": ["\uE909"]},
        {"type": "bitmap", "file": "minecraft:bingo/advancements/10.png","ascent": 22,"height": 22,"chars": ["\uE910"]},
        {"type": "bitmap", "file": "minecraft:bingo/advancements/11.png","ascent": 22,"height": 22,"chars": ["\uE911"]},
        {"type": "bitmap", "file": "minecraft:bingo/advancements/12.png","ascent": 22,"height": 22,"chars": ["\uE912"]},
        {"type": "bitmap", "file": "minecraft:bingo/advancements/13.png","ascent": 22,"height": 22,"chars": ["\uE913"]},
        {"type": "bitmap", "file": "minecraft:bingo/advancements/14.png","ascent": 22,"height": 22,"chars": ["\uE914"]},
        {"type": "bitmap", "file": "minecraft:bingo/advancements/15.png","ascent": 22,"height": 22,"chars": ["\uE915"]},
        {"type": "bitmap", "file": "minecraft:bingo/advancements/16.png","ascent": 22,"height": 22,"chars": ["\uE916"]},
        {"type": "bitmap", "file": "minecraft:bingo/advancements/17.png","ascent": 22,"height": 22,"chars": ["\uE917"]},
        {"type": "bitmap", "file": "minecraft:bingo/advancements/18.png","ascent": 22,"height": 22,"chars": ["\uE918"]},
        {"type": "bitmap", "file": "minecraft:bingo/advancements/19.png","ascent": 22,"height": 22,"chars": ["\uE919"]},
        {"type": "bitmap", "file": "minecraft:bingo/advancements/20.png","ascent": 22,"height": 22,"chars": ["\uE920"]},
        {"type": "bitmap", "file": "minecraft:bingo/advancements/21.png","ascent": 22,"height": 22,"chars": ["\uE921"]},
        {"type": "bitmap", "file": "minecraft:bingo/advancements/22.png","ascent": 22,"height": 22,"chars": ["\uE922"]},
        {"type": "bitmap", "file": "minecraft:bingo/advancements/23.png","ascent": 22,"height": 22,"chars": ["\uE923"]},
        {"type": "bitmap", "file": "minecraft:bingo/advancements/24.png","ascent": 22,"height": 22,"chars": ["\uE924"]},
        {"type": "bitmap", "file": "minecraft:bingo/advancements/25.png","ascent": 22,"height": 22,"chars": ["\uE925"]},
        {"type": "bitmap", "file": "minecraft:bingo/advancements/26.png","ascent": 22,"height": 22,"chars": ["\uE926"]},
        {"type": "bitmap", "file": "minecraft:bingo/advancements/27.png","ascent": 22,"height": 22,"chars": ["\uE927"]},
        {"type": "bitmap", "file": "minecraft:bingo/advancements/28.png","ascent": 22,"height": 22,"chars": ["\uE928"]},
        {"type": "bitmap", "file": "minecraft:bingo/advancements/29.png","ascent": 22,"height": 22,"chars": ["\uE929"]},
        {"type": "bitmap", "file": "minecraft:bingo/advancements/30.png","ascent": 22,"height": 22,"chars": ["\uE930"]},
        {"type": "bitmap", "file": "minecraft:bingo/advancements/31.png","ascent": 22,"height": 22,"chars": ["\uE931"]},
        {"type": "bitmap", "file": "minecraft:bingo/advancements/32.png","ascent": 22,"height": 22,"chars": ["\uE932"]},
        {"type": "bitmap", "file": "minecraft:bingo/advancements/33.png","ascent": 22,"height": 22,"chars": ["\uE933"]},
        {"type": "bitmap", "file": "minecraft:bingo/advancements/34.png","ascent": 22,"height": 22,"chars": ["\uE934"]},
        {"type": "bitmap", "file": "minecraft:bingo/advancements/35.png","ascent": 22,"height": 22,"chars": ["\uE935"]},

        {"type": "bitmap", "file": "minecraft:bingo/advancements/51.png","ascent": 22,"height": 22,"chars": ["\uE951"]},
        {"type": "bitmap", "file": "minecraft:bingo/advancements/52.png","ascent": 22,"height": 22,"chars": ["\uE952"]},
        {"type": "bitmap", "file": "minecraft:bingo/advancements/53.png","ascent": 22,"height": 22,"chars": ["\uE953"]},
        {"type": "bitmap", "file": "minecraft:bingo/advancements/54.png","ascent": 22,"height": 22,"chars": ["\uE954"]},
        {"type": "bitmap", "file": "minecraft:bingo/advancements/55.png","ascent": 22,"height": 22,"chars": ["\uE955"]},
        {"type": "bitmap", "file": "minecraft:bingo/advancements/56.png","ascent": 22,"height": 22,"chars": ["\uE956"]},
        {"type": "bitmap", "file": "minecraft:bingo/advancements/57.png","ascent": 22,"height": 22,"chars": ["\uE957"]},
        {"type": "bitmap", "file": "minecraft:bingo/advancements/58.png","ascent": 22,"height": 22,"chars": ["\uE958"]},
        {"type": "bitmap", "file": "minecraft:bingo/advancements/59.png","ascent": 22,"height": 22,"chars": ["\uE959"]},
        {"type": "bitmap", "file": "minecraft:bingo/advancements/60.png","ascent": 22,"height": 22,"chars": ["\uE960"]},
        {"type": "bitmap", "file": "minecraft:bingo/advancements/61.png","ascent": 22,"height": 22,"chars": ["\uE961"]},
        {"type": "bitmap", "file": "minecraft:bingo/advancements/62.png","ascent": 22,"height": 22,"chars": ["\uE962"]},
        {"type": "bitmap", "file": "minecraft:bingo/advancements/63.png","ascent": 22,"height": 22,"chars": ["\uE963"]},
        {"type": "bitmap", "file": "minecraft:bingo/advancements/64.png","ascent": 22,"height": 22,"chars": ["\uE964"]},
        {"type": "bitmap", "file": "minecraft:bingo/advancements/65.png","ascent": 22,"height": 22,"chars": ["\uE965"]},
        {"type": "bitmap", "file": "minecraft:bingo/advancements/66.png","ascent": 22,"height": 22,"chars": ["\uE966"]},
        {"type": "bitmap", "file": "minecraft:bingo/advancements/67.png","ascent": 22,"height": 22,"chars": ["\uE967"]},
        {"type": "bitmap", "file": "minecraft:bingo/advancements/68.png","ascent": 22,"height": 22,"chars": ["\uE968"]},
        {"type": "bitmap", "file": "minecraft:bingo/advancements/69.png","ascent": 22,"height": 22,"chars": ["\uE969"]},
        {"type": "bitmap", "file": "minecraft:bingo/advancements/70.png","ascent": 22,"height": 22,"chars": ["\uE970"]},
        {"type": "bitmap", "file": "minecraft:bingo/advancements/71.png","ascent": 22,"height": 22,"chars": ["\uE971"]},
        {"type": "bitmap", "file": "minecraft:bingo/advancements/72.png","ascent": 22,"height": 22,"chars": ["\uE972"]},
        {"type": "bitmap", "file": "minecraft:bingo/advancements/73.png","ascent": 22,"height": 22,"chars": ["\uE973"]},
        {"type": "bitmap", "file": "minecraft:bingo/advancements/74.png","ascent": 22,"height": 22,"chars": ["\uE974"]},
        {"type": "bitmap", "file": "minecraft:bingo/advancements/75.png","ascent": 22,"height": 22,"chars": ["\uE975"]},
        {"type": "bitmap", "file": "minecraft:bingo/advancements/76.png","ascent": 22,"height": 22,"chars": ["\uE976"]},
        {"type": "bitmap", "file": "minecraft:bingo/advancements/77.png","ascent": 22,"height": 22,"chars": ["\uE977"]},
        {"type": "bitmap", "file": "minecraft:bingo/advancements/78.png","ascent": 22,"height": 22,"chars": ["\uE978"]},
        {"type": "bitmap", "file": "minecraft:bingo/advancements/79.png","ascent": 22,"height": 22,"chars": ["\uE979"]},
        {"type": "bitmap", "file": "minecraft:bingo/advancements/80.png","ascent": 22,"height": 22,"chars": ["\uE980"]},
        {"type": "bitmap", "file": "minecraft:bingo/advancements/81.png","ascent": 22,"height": 22,"chars": ["\uE981"]},
        {"type": "bitmap", "file": "minecraft:bingo/advancements/82.png","ascent": 22,"height": 22,"chars": ["\uE982"]},
        {"type": "bitmap", "file": "minecraft:bingo/advancements/83.png","ascent": 22,"height": 22,"chars": ["\uE983"]},
        {"type": "bitmap", "file": "minecraft:bingo/advancements/84.png","ascent": 22,"height": 22,"chars": ["\uE984"]},
        {"type": "bitmap", "file": "minecraft:bingo/advancements/85.png","ascent": 22,"height": 22,"chars": ["\uE985"]},


        {"type": "bitmap", "file": "minecraft:bingo/avoid/01.png","ascent": 22,"height": 22,"chars": ["\uEA01"]},
        {"type": "bitmap", "file": "minecraft:bingo/avoid/02.png","ascent": 22,"height": 22,"chars": ["\uEA02"]},
        {"type": "bitmap", "file": "minecraft:bingo/avoid/03.png","ascent": 22,"height": 22,"chars": ["\uEA03"]},
        {"type": "bitmap", "file": "minecraft:bingo/avoid/04.png","ascent": 22,"height": 22,"chars": ["\uEA04"]},
        {"type": "bitmap", "file": "minecraft:bingo/avoid/05.png","ascent": 22,"height": 22,"chars": ["\uEA05"]},

        {"type": "bitmap", "file": "minecraft:bingo/avoid/51.png","ascent": 22,"height": 22,"chars": ["\uEA51"]},
        {"type": "bitmap", "file": "minecraft:bingo/avoid/52.png","ascent": 22,"height": 22,"chars": ["\uEA52"]},
        {"type": "bitmap", "file": "minecraft:bingo/avoid/53.png","ascent": 22,"height": 22,"chars": ["\uEA53"]},
        {"type": "bitmap", "file": "minecraft:bingo/avoid/54.png","ascent": 22,"height": 22,"chars": ["\uEA54"]},
        {"type": "bitmap", "file": "minecraft:bingo/avoid/55.png","ascent": 22,"height": 22,"chars": ["\uEA55"]},


        {"type": "bitmap", "file": "minecraft:bingo/statistics/01.png","ascent": 22,"height": 22,"chars": ["\uEB01"]},
        {"type": "bitmap", "file": "minecraft:bingo/statistics/02.png","ascent": 22,"height": 22,"chars": ["\uEB02"]},
        {"type": "bitmap", "file": "minecraft:bingo/statistics/03.png","ascent": 22,"height": 22,"chars": ["\uEB03"]},
        {"type": "bitmap", "file": "minecraft:bingo/statistics/04.png","ascent": 22,"height": 22,"chars": ["\uEB04"]},
        {"type": "bitmap", "file": "minecraft:bingo/statistics/05.png","ascent": 22,"height": 22,"chars": ["\uEB05"]},
        {"type": "bitmap", "file": "minecraft:bingo/statistics/06.png","ascent": 22,"height": 22,"chars": ["\uEB06"]},
        {"type": "bitmap", "file": "minecraft:bingo/statistics/07.png","ascent": 22,"height": 22,"chars": ["\uEB07"]},
        {"type": "bitmap", "file": "minecraft:bingo/statistics/08.png","ascent": 22,"height": 22,"chars": ["\uEB08"]},
        {"type": "bitmap", "file": "minecraft:bingo/statistics/09.png","ascent": 22,"height": 22,"chars": ["\uEB09"]},
        {"type": "bitmap", "file": "minecraft:bingo/statistics/10.png","ascent": 22,"height": 22,"chars": ["\uEB10"]},
        {"type": "bitmap", "file": "minecraft:bingo/statistics/11.png","ascent": 22,"height": 22,"chars": ["\uEB11"]},
        {"type": "bitmap", "file": "minecraft:bingo/statistics/12.png","ascent": 22,"height": 22,"chars": ["\uEB12"]},
        {"type": "bitmap", "file": "minecraft:bingo/statistics/13.png","ascent": 22,"height": 22,"chars": ["\uEB13"]},
        {"type": "bitmap", "file": "minecraft:bingo/statistics/14.png","ascent": 22,"height": 22,"chars": ["\uEB14"]},
        {"type": "bitmap", "file": "minecraft:bingo/statistics/15.png","ascent": 22,"height": 22,"chars": ["\uEB15"]},
        {"type": "bitmap", "file": "minecraft:bingo/statistics/16.png","ascent": 22,"height": 22,"chars": ["\uEB16"]},
        {"type": "bitmap", "file": "minecraft:bingo/statistics/17.png","ascent": 22,"height": 22,"chars": ["\uEB17"]},
        {"type": "bitmap", "file": "minecraft:bingo/statistics/18.png","ascent": 22,"height": 22,"chars": ["\uEB18"]},
        {"type": "bitmap", "file": "minecraft:bingo/statistics/19.png","ascent": 22,"height": 22,"chars": ["\uEB19"]},
        {"type": "bitmap", "file": "minecraft:bingo/statistics/20.png","ascent": 22,"height": 22,"chars": ["\uEB20"]},
        {"type": "bitmap", "file": "minecraft:bingo/statistics/21.png","ascent": 22,"height": 22,"chars": ["\uEB21"]},
        {"type": "bitmap", "file": "minecraft:bingo/statistics/22.png","ascent": 22,"height": 22,"chars": ["\uEB22"]},
        {"type": "bitmap", "file": "minecraft:bingo/statistics/23.png","ascent": 22,"height": 22,"chars": ["\uEB23"]},
        {"type": "bitmap", "file": "minecraft:bingo/statistics/24.png","ascent": 22,"height": 22,"chars": ["\uEB24"]},
        {"type": "bitmap", "file": "minecraft:bingo/statistics/25.png","ascent": 22,"height": 22,"chars": ["\uEB25"]},
        {"type": "bitmap", "file": "minecraft:bingo/statistics/26.png","ascent": 22,"height": 22,"chars": ["\uEB26"]},
        {"type": "bitmap", "file": "minecraft:bingo/statistics/27.png","ascent": 22,"height": 22,"chars": ["\uEB27"]},
        {"type": "bitmap", "file": "minecraft:bingo/statistics/28.png","ascent": 22,"height": 22,"chars": ["\uEB28"]},
        {"type": "bitmap", "file": "minecraft:bingo/statistics/29.png","ascent": 22,"height": 22,"chars": ["\uEB29"]},
        {"type": "bitmap", "file": "minecraft:bingo/statistics/30.png","ascent": 22,"height": 22,"chars": ["\uEB30"]},
        {"type": "bitmap", "file": "minecraft:bingo/statistics/31.png","ascent": 22,"height": 22,"chars": ["\uEB31"]},

        {"type": "bitmap", "file": "minecraft:bingo/statistics/51.png","ascent": 22,"height": 22,"chars": ["\uEB51"]},
        {"type": "bitmap", "file": "minecraft:bingo/statistics/52.png","ascent": 22,"height": 22,"chars": ["\uEB52"]},
        {"type": "bitmap", "file": "minecraft:bingo/statistics/53.png","ascent": 22,"height": 22,"chars": ["\uEB53"]},
        {"type": "bitmap", "file": "minecraft:bingo/statistics/54.png","ascent": 22,"height": 22,"chars": ["\uEB54"]},
        {"type": "bitmap", "file": "minecraft:bingo/statistics/55.png","ascent": 22,"height": 22,"chars": ["\uEB55"]},
        {"type": "bitmap", "file": "minecraft:bingo/statistics/56.png","ascent": 22,"height": 22,"chars": ["\uEB56"]},
        {"type": "bitmap", "file": "minecraft:bingo/statistics/57.png","ascent": 22,"height": 22,"chars": ["\uEB57"]},
        {"type": "bitmap", "file": "minecraft:bingo/statistics/58.png","ascent": 22,"height": 22,"chars": ["\uEB58"]},
        {"type": "bitmap", "file": "minecraft:bingo/statistics/59.png","ascent": 22,"height": 22,"chars": ["\uEB59"]},
        {"type": "bitmap", "file": "minecraft:bingo/statistics/60.png","ascent": 22,"height": 22,"chars": ["\uEB60"]},
        {"type": "bitmap", "file": "minecraft:bingo/statistics/61.png","ascent": 22,"height": 22,"chars": ["\uEB61"]},
        {"type": "bitmap", "file": "minecraft:bingo/statistics/62.png","ascent": 22,"height": 22,"chars": ["\uEB62"]},
        {"type": "bitmap", "file": "minecraft:bingo/statistics/63.png","ascent": 22,"height": 22,"chars": ["\uEB63"]},
        {"type": "bitmap", "file": "minecraft:bingo/statistics/64.png","ascent": 22,"height": 22,"chars": ["\uEB64"]},
        {"type": "bitmap", "file": "minecraft:bingo/statistics/65.png","ascent": 22,"height": 22,"chars": ["\uEB65"]},
        {"type": "bitmap", "file": "minecraft:bingo/statistics/66.png","ascent": 22,"height": 22,"chars": ["\uEB66"]},
        {"type": "bitmap", "file": "minecraft:bingo/statistics/67.png","ascent": 22,"height": 22,"chars": ["\uEB67"]},
        {"type": "bitmap", "file": "minecraft:bingo/statistics/68.png","ascent": 22,"height": 22,"chars": ["\uEB68"]},
        {"type": "bitmap", "file": "minecraft:bingo/statistics/69.png","ascent": 22,"height": 22,"chars": ["\uEB69"]},
        {"type": "bitmap", "file": "minecraft:bingo/statistics/70.png","ascent": 22,"height": 22,"chars": ["\uEB70"]},
        {"type": "bitmap", "file": "minecraft:bingo/statistics/71.png","ascent": 22,"height": 22,"chars": ["\uEB71"]},
        {"type": "bitmap", "file": "minecraft:bingo/statistics/72.png","ascent": 22,"height": 22,"chars": ["\uEB72"]},
        {"type": "bitmap", "file": "minecraft:bingo/statistics/73.png","ascent": 22,"height": 22,"chars": ["\uEB73"]},
        {"type": "bitmap", "file": "minecraft:bingo/statistics/74.png","ascent": 22,"height": 22,"chars": ["\uEB74"]},
        {"type": "bitmap", "file": "minecraft:bingo/statistics/75.png","ascent": 22,"height": 22,"chars": ["\uEB75"]},
        {"type": "bitmap", "file": "minecraft:bingo/statistics/76.png","ascent": 22,"height": 22,"chars": ["\uEB76"]},
        {"type": "bitmap", "file": "minecraft:bingo/statistics/77.png","ascent": 22,"height": 22,"chars": ["\uEB77"]},
        {"type": "bitmap", "file": "minecraft:bingo/statistics/78.png","ascent": 22,"height": 22,"chars": ["\uEB78"]},
        {"type": "bitmap", "file": "minecraft:bingo/statistics/79.png","ascent": 22,"height": 22,"chars": ["\uEB79"]},
        {"type": "bitmap", "file": "minecraft:bingo/statistics/80.png","ascent": 22,"height": 22,"chars": ["\uEB80"]},
        {"type": "bitmap", "file": "minecraft:bingo/statistics/81.png","ascent": 22,"height": 22,"chars": ["\uEB81"]},

        {"type": "bitmap", "file": "minecraft:bingo/extra/01.png","ascent": 22,"height": 22,"chars": ["\uEC01"]}


        
      ]
  }
